{
  "mean": 1307.5209133333335,
  "std": 981.9558790740883
}